{
  "train_loss": [
    2.833647118674384,
    1.6413803762859769,
    0.9425360891554091,
    0.6071495645576053,
    0.39485208524598014,
    0.28042085965474445,
    0.1817252611120542,
    0.13633237282435098,
    0.09249148848983976,
    0.06800949366556273
  ],
  "val_loss": [
    2.416121006011963,
    2.127867102622986,
    1.7166523536046345,
    1.5910906791687012,
    1.4335187276204426,
    1.3020205696423848,
    1.3245290517807007,
    1.3328785101572673,
    1.2292050917943318,
    1.1660576065381367
  ],
  "val_accuracy": [
    33.333333333333336,
    48.484848484848484,
    62.121212121212125,
    63.63636363636363,
    66.66666666666667,
    62.121212121212125,
    68.18181818181819,
    65.15151515151516,
    69.6969696969697,
    71.21212121212122
  ]
}